"","kappa","spec_sens","no_omission","prevalence","equal_sens_spec","sensitivity","species_name","algorithm","run","partition","presencenb","absencenb","correlation","pvaluecor","AUC","AUC_pval","AUCratio","pROC","pROC_pval","TSSmax","KAPPAmax","dismo_threshold","prevalence.value","PPP","NPP","TPR","TNR","FPR","FNR","CCR","Kappa","F_score","Jaccard"
"thresholds",0.59456667,0.59456667,0.1364,0.1628,0.50323333,0.19593333,"Abarema_langsdorffii","rf",1,3,19,100,0.575815766971761,7.33785727378644e-12,0.888421052631579,NA,1.77684210526316,1.44721119372083,0,0.656842105263158,0.617363344051447,"spec_sens",0.159663865546218,0.636363636363636,0.948453608247423,0.736842105263158,0.92,0.08,0.263157894736842,0.890756302521008,0.617363344051447,0.682926829268293,0.518518518518518
